imie,miasto,dochód,ma dzieci,liczba dzieci,ma zwierze,jakie zwierze
Jurek,Limanowa,56207,Nie,0,Nie,brak
Antek,Limanowa,32632,Tak,3,Nie,brak
Anna,Łódź,43476,Nie,0,Tak,słoń
Magda,Pcim,10633,Nie,0,Nie,brak
Beata,Kobyla Góra,14013,Tak,4,Tak,słoń
Jan,Gdańsk,26576,Tak,1,Tak,słoń
Jan,Warszawa,47896,Tak,4,Tak,małpa
Agata,Pcim,10660,Nie,0,Nie,brak
Magda,Limanowa,35289,Tak,1,Tak,słoń
Antek,Gdańsk,36328,Nie,0,Nie,brak
Jurek,Limanowa,50371,Nie,0,Tak,kot
Magda,Łódź,39705,Tak,2,Nie,brak
Tomasz,Kobyla Góra,28378,Nie,0,Nie,brak
Antek,Adamczycha,14210,Tak,1,Tak,słoń
Sylwia,Limanowa,56935,Tak,3,Nie,brak
Joanna,Kobyla Góra,41930,Tak,3,Nie,brak
Anna,Legnica,47729,Nie,0,Tak,kot
Anna,Limanowa,44321,Tak,4,Tak,kot
Antek,Gdańsk,17725,Nie,0,Nie,brak
Jan,Kobyla Góra,56117,Nie,0,Nie,brak
Jan,Pcim,14256,Tak,1,Tak,małpa
Tomasz,Kobyla Góra,34152,Nie,0,Nie,brak
Sylwia,Pcim,38755,Nie,0,Nie,brak
Anna,Pcim,9431,Tak,3,Nie,brak
Tomasz,Adamczycha,13937,Tak,4,Tak,małpa
Jan,Gdańsk,39754,Tak,2,Nie,brak
Magda,Warszawa,15828,Tak,4,Nie,brak
Jurek,Gdańsk,25731,Nie,0,Nie,brak
Magda,Łódź,16590,Nie,0,Nie,brak
Tomasz,Limanowa,16414,Nie,0,Tak,słoń
Joanna,Gdańsk,26945,Nie,0,Tak,małpa
Jan,Limanowa,52286,Nie,0,Tak,małpa
Ewa,Limanowa,20576,Nie,0,Nie,brak
Sylwia,Limanowa,28476,Nie,0,Tak,słoń
Beata,Adamczycha,39806,Nie,0,Nie,brak
Ola,Warszawa,24415,Nie,0,Nie,brak
Klaudia,Pcim,10968,Tak,2,Tak,pies
Anna,Gdańsk,22223,Nie,0,Tak,małpa
Ola,Łódź,18664,Nie,0,Tak,małpa
Ola,Gdańsk,47419,Nie,0,Tak,słoń
Agata,Pcim,41899,Tak,3,Tak,małpa
Magda,Kobyla Góra,23786,Nie,0,Tak,małpa
Joanna,Limanowa,14003,Nie,0,Nie,brak
Ela,Kobyla Góra,46761,Nie,0,Tak,słoń
Beata,Łódź,25645,Tak,1,Tak,słoń
Agata,Kobyla Góra,46067,Tak,1,Nie,brak
Jan,Kobyla Góra,40762,Nie,0,Nie,brak
Ola,Limanowa,11922,Tak,1,Tak,słoń
Ela,Pcim,38736,Tak,2,Nie,brak
Antek,Pcim,47807,Nie,0,Nie,brak
Antek,Pcim,16851,Nie,0,Tak,słoń
Joanna,Gdańsk,44584,Tak,4,Tak,słoń
Antek,Warszawa,43853,Nie,0,Tak,pies
Ela,Gdańsk,15905,Tak,3,Nie,brak
Klaudia,Kobyla Góra,17019,Nie,0,Nie,brak
Ela,Warszawa,48970,Tak,4,Nie,brak
Sylwia,Legnica,46725,Nie,0,Tak,małpa
Beata,Gdańsk,53027,Nie,0,Nie,brak
Ola,Gdańsk,45458,Tak,3,Tak,pies
Anna,Limanowa,27926,Tak,3,Tak,kot
Magda,Pcim,42737,Tak,2,Tak,słoń
Ewa,Pcim,8499,Nie,0,Nie,brak
Tomasz,Warszawa,7659,Tak,4,Tak,kot
Antek,Gdańsk,11123,Nie,0,Nie,brak
Joanna,Pcim,8779,Tak,2,Nie,brak
Antek,Gdańsk,47838,Nie,0,Nie,brak
Tomasz,Kobyla Góra,56329,Tak,2,Tak,słoń
Beata,Legnica,43599,Tak,1,Tak,słoń
Klaudia,Pcim,23144,Nie,0,Tak,małpa
Jurek,Adamczycha,48472,Tak,3,Nie,brak
Sylwia,Legnica,19615,Nie,0,Nie,brak
Klaudia,Pcim,56063,Nie,0,Tak,słoń
Ela,Adamczycha,43295,Nie,0,Nie,brak
Sylwia,Adamczycha,33101,Tak,3,Tak,kot
Jan,Pcim,46308,Nie,0,Tak,kot
Magda,Legnica,47676,Nie,0,Tak,kot
Antek,Limanowa,7784,Nie,0,Tak,małpa
Anna,Warszawa,38439,Nie,0,Tak,małpa
Jurek,Adamczycha,46901,Nie,0,Tak,małpa
Jan,Pcim,41554,Tak,2,Nie,brak
Ola,Limanowa,24783,Nie,0,Tak,kot
Beata,Limanowa,47868,Nie,0,Nie,brak
Antek,Limanowa,25598,Tak,3,Tak,małpa
Klaudia,Kobyla Góra,37450,Tak,2,Nie,brak
Jan,Legnica,21848,Nie,0,Nie,brak
Klaudia,Adamczycha,50691,Nie,0,Nie,brak
Antek,Pcim,32413,Nie,0,Nie,brak
Joanna,Limanowa,25292,Tak,1,Tak,kot
Beata,Warszawa,35523,Nie,0,Tak,słoń
Ewa,Warszawa,10582,Tak,3,Tak,małpa
Jurek,Łódź,50928,Nie,0,Tak,pies
Klaudia,Limanowa,9726,Nie,0,Nie,brak
Ela,Warszawa,16159,Tak,4,Tak,małpa
Agata,Adamczycha,34609,Tak,2,Nie,brak
Ela,Legnica,33038,Tak,4,Nie,brak
Ela,Legnica,37535,Nie,0,Tak,małpa
Jan,Pcim,36237,Tak,2,Tak,słoń
Jurek,Warszawa,19170,Nie,0,Tak,kot
Beata,Gdańsk,28094,Tak,2,Tak,słoń
Magda,Warszawa,45558,Nie,0,Tak,słoń
Jurek,Łódź,15215,Nie,0,Nie,brak
Jurek,Gdańsk,26285,Nie,0,Tak,kot
Antek,Łódź,52878,Nie,0,Tak,słoń
Sylwia,Limanowa,26726,Tak,2,Tak,kot
Jurek,Limanowa,53916,Nie,0,Tak,małpa
Agata,Pcim,28434,Nie,0,Tak,słoń
Tomasz,Łódź,31930,Nie,0,Nie,brak
Magda,Pcim,14369,Nie,0,Tak,pies
Jan,Adamczycha,55650,Nie,0,Nie,brak
Agata,Warszawa,30083,Nie,0,Nie,brak
Ewa,Gdańsk,39549,Nie,0,Nie,brak
Joanna,Gdańsk,42608,Tak,1,Nie,brak
Beata,Pcim,12758,Nie,0,Tak,małpa
Jurek,Warszawa,26713,Tak,4,Tak,małpa
Magda,Legnica,21642,Nie,0,Nie,brak
Tomasz,Gdańsk,36370,Nie,0,Nie,brak
Jan,Legnica,13829,Tak,4,Nie,brak
Jurek,Warszawa,23329,Tak,1,Tak,małpa
Ela,Legnica,35264,Tak,1,Tak,małpa
Klaudia,Adamczycha,22047,Nie,0,Tak,małpa
Ola,Łódź,15032,Tak,2,Nie,brak
Ola,Limanowa,12144,Tak,3,Tak,słoń
Anna,Limanowa,9116,Nie,0,Tak,słoń
Jan,Pcim,24819,Tak,1,Nie,brak
Klaudia,Adamczycha,30975,Nie,0,Tak,małpa
Anna,Gdańsk,46129,Tak,1,Tak,kot
Ola,Pcim,33202,Nie,0,Tak,kot
Ela,Pcim,22070,Tak,4,Tak,pies
Joanna,Limanowa,16266,Nie,0,Tak,małpa
Beata,Warszawa,27258,Tak,4,Tak,kot
Antek,Gdańsk,43659,Nie,0,Tak,pies
Jan,Pcim,53059,Tak,3,Nie,brak
Sylwia,Gdańsk,26294,Nie,0,Tak,małpa
Magda,Łódź,18240,Tak,2,Tak,pies
Ela,Warszawa,55811,Tak,4,Nie,brak
Jan,Gdańsk,16242,Tak,2,Nie,brak
Jurek,Legnica,38454,Nie,0,Tak,pies
Ewa,Pcim,39533,Tak,2,Tak,małpa
Joanna,Legnica,36393,Nie,0,Nie,brak
Jurek,Warszawa,38486,Nie,0,Tak,kot
Ewa,Adamczycha,26020,Nie,0,Tak,kot
Agata,Legnica,38395,Nie,0,Tak,słoń
Beata,Pcim,7318,Tak,2,Nie,brak
Agata,Pcim,11701,Nie,0,Tak,kot
Jan,Limanowa,31571,Nie,0,Nie,brak
Magda,Warszawa,38924,Tak,2,Nie,brak
Tomasz,Limanowa,35765,Tak,1,Nie,brak
Tomasz,Pcim,21576,Nie,0,Tak,małpa
Beata,Łódź,19899,Nie,0,Nie,brak
Magda,Pcim,44030,Tak,4,Tak,pies
Sylwia,Limanowa,28927,Tak,1,Nie,brak
Joanna,Limanowa,8988,Tak,1,Tak,małpa
Sylwia,Warszawa,9112,Nie,0,Nie,brak
Joanna,Adamczycha,24238,Nie,0,Nie,brak
Ela,Łódź,38233,Tak,2,Nie,brak
Jan,Kobyla Góra,44958,Tak,3,Tak,kot
Agata,Pcim,48677,Tak,3,Nie,brak
Tomasz,Adamczycha,49874,Tak,3,Nie,brak
Ewa,Warszawa,36640,Tak,1,Tak,pies
Antek,Gdańsk,24526,Nie,0,Tak,małpa
Ola,Adamczycha,40972,Tak,3,Tak,pies
Anna,Pcim,6335,Tak,2,Tak,kot
Klaudia,Adamczycha,12844,Nie,0,Nie,brak
Antek,Legnica,34041,Nie,0,Tak,słoń
Agata,Limanowa,14577,Tak,3,Tak,pies
Jurek,Limanowa,23132,Nie,0,Nie,brak
Agata,Pcim,53477,Nie,0,Tak,słoń
Ola,Legnica,29771,Tak,4,Nie,brak
Jurek,Łódź,55860,Nie,0,Tak,małpa
Joanna,Limanowa,32227,Tak,3,Tak,słoń
Sylwia,Warszawa,29782,Tak,1,Tak,pies
Antek,Limanowa,8765,Tak,1,Tak,pies
Joanna,Kobyla Góra,32052,Nie,0,Nie,brak
Joanna,Łódź,9152,Nie,0,Tak,kot
Sylwia,Kobyla Góra,43173,Tak,4,Tak,słoń
Ewa,Kobyla Góra,42619,Tak,4,Nie,brak
Tomasz,Warszawa,18556,Nie,0,Tak,słoń
Beata,Legnica,29558,Tak,1,Tak,kot
Tomasz,Kobyla Góra,42056,Tak,4,Tak,małpa
Klaudia,Łódź,24713,Nie,0,Nie,brak
Anna,Limanowa,10618,Nie,0,Tak,małpa
Jurek,Pcim,31119,Tak,3,Tak,słoń
Magda,Łódź,38846,Nie,0,Tak,małpa
Antek,Adamczycha,35314,Nie,0,Nie,brak
Jurek,Limanowa,55895,Tak,2,Tak,pies
Tomasz,Warszawa,41835,Nie,0,Tak,kot
Ola,Kobyla Góra,24131,Nie,0,Tak,słoń
Beata,Pcim,46644,Tak,4,Nie,brak
Ola,Kobyla Góra,50390,Tak,2,Tak,małpa
Jurek,Warszawa,45845,Nie,0,Tak,kot
Ela,Łódź,13586,Nie,0,Tak,pies
Antek,Adamczycha,14232,Tak,4,Nie,brak
Beata,Limanowa,12136,Nie,0,Tak,pies
Joanna,Łódź,31614,Tak,4,Tak,pies
Agata,Adamczycha,30257,Nie,0,Tak,kot
Ewa,Gdańsk,57894,Nie,0,Nie,brak
Anna,Kobyla Góra,28022,Nie,0,Nie,brak
Magda,Limanowa,42358,Nie,0,Nie,brak
Magda,Limanowa,29760,Nie,0,Nie,brak
Beata,Adamczycha,55277,Tak,1,Tak,kot
Tomasz,Gdańsk,15254,Tak,2,Tak,kot
Ola,Pcim,18845,Nie,0,Nie,brak
Agata,Legnica,45283,Nie,0,Nie,brak
Tomasz,Pcim,39165,Tak,3,Tak,małpa
Antek,Limanowa,32105,Nie,0,Nie,brak
Klaudia,Limanowa,38573,Nie,0,Tak,pies
Jurek,Warszawa,8438,Tak,3,Tak,kot
Beata,Adamczycha,8769,Nie,0,Tak,pies
Klaudia,Gdańsk,8350,Tak,3,Nie,brak
Jurek,Legnica,14780,Tak,3,Nie,brak
Tomasz,Pcim,52565,Tak,1,Nie,brak
Sylwia,Adamczycha,27626,Nie,0,Tak,pies
Jan,Łódź,36847,Nie,0,Tak,kot
Agata,Warszawa,39834,Tak,1,Tak,kot
Ela,Gdańsk,35749,Tak,2,Nie,brak
Ola,Warszawa,15560,Nie,0,Tak,słoń
Agata,Limanowa,45531,Tak,1,Tak,kot
Tomasz,Warszawa,39584,Nie,0,Tak,pies
Ola,Legnica,14960,Nie,0,Tak,pies
Tomasz,Limanowa,27293,Nie,0,Tak,kot
Anna,Pcim,45978,Nie,0,Nie,brak
Sylwia,Pcim,26675,Nie,0,Tak,małpa
Ela,Łódź,16449,Nie,0,Tak,słoń
Ewa,Limanowa,31552,Tak,2,Nie,brak
Anna,Limanowa,46202,Nie,0,Nie,brak
Antek,Gdańsk,54252,Tak,1,Tak,słoń
Ela,Limanowa,25410,Nie,0,Nie,brak
Klaudia,Legnica,44710,Nie,0,Tak,pies
Ola,Łódź,27844,Nie,0,Nie,brak
Beata,Gdańsk,39047,Tak,4,Tak,kot
Jan,Legnica,39204,Tak,4,Nie,brak
Anna,Warszawa,40687,Nie,0,Nie,brak
Jan,Pcim,37902,Nie,0,Nie,brak
Sylwia,Łódź,52247,Nie,0,Nie,brak
Antek,Kobyla Góra,42691,Tak,1,Nie,brak
Antek,Pcim,25447,Tak,1,Nie,brak
Magda,Adamczycha,36922,Tak,4,Nie,brak
Ewa,Pcim,6890,Tak,2,Tak,kot
Klaudia,Pcim,29940,Tak,3,Tak,kot
Antek,Limanowa,27508,Nie,0,Nie,brak
Ola,Legnica,49958,Tak,2,Tak,słoń
Tomasz,Limanowa,12983,Nie,0,Tak,słoń
Ola,Limanowa,33098,Tak,2,Nie,brak
Agata,Kobyla Góra,44053,Nie,0,Tak,małpa
Agata,Kobyla Góra,25963,Tak,1,Tak,kot
Jurek,Łódź,58016,Tak,1,Nie,brak
Ewa,Limanowa,53334,Tak,3,Tak,kot
Tomasz,Kobyla Góra,50891,Nie,0,Tak,słoń
Agata,Gdańsk,47039,Tak,1,Tak,kot
Beata,Gdańsk,7546,Tak,3,Tak,słoń
Tomasz,Łódź,44919,Nie,0,Tak,słoń
Klaudia,Gdańsk,36902,Nie,0,Nie,brak
Sylwia,Łódź,23201,Tak,2,Nie,brak
Joanna,Adamczycha,48764,Nie,0,Nie,brak
Jan,Kobyla Góra,57108,Tak,3,Tak,kot
Tomasz,Limanowa,56666,Nie,0,Nie,brak
Ola,Łódź,43710,Nie,0,Tak,kot
Magda,Łódź,43655,Tak,4,Tak,kot
Magda,Legnica,20712,Nie,0,Tak,pies
Jan,Limanowa,53077,Nie,0,Tak,słoń
Magda,Adamczycha,9165,Tak,2,Nie,brak
Beata,Legnica,44041,Nie,0,Tak,pies
Joanna,Kobyla Góra,37286,Nie,0,Nie,brak
Jurek,Warszawa,16974,Tak,3,Tak,kot
Jurek,Limanowa,40156,Tak,3,Nie,brak
Ela,Warszawa,47023,Tak,1,Tak,małpa
Ewa,Limanowa,53063,Nie,0,Nie,brak
Tomasz,Adamczycha,46415,Tak,4,Nie,brak
Ewa,Legnica,56564,Nie,0,Nie,brak
Antek,Łódź,30716,Nie,0,Tak,małpa
Jan,Legnica,15484,Tak,2,Nie,brak
Jan,Warszawa,50412,Tak,1,Nie,brak
Antek,Limanowa,21672,Tak,3,Nie,brak
Ela,Pcim,7869,Tak,1,Nie,brak
Anna,Kobyla Góra,43323,Tak,4,Tak,pies
Sylwia,Łódź,51709,Tak,3,Nie,brak
Tomasz,Warszawa,13002,Tak,4,Tak,małpa
Jan,Kobyla Góra,18303,Tak,1,Tak,słoń
Sylwia,Łódź,7041,Tak,2,Nie,brak
Jan,Kobyla Góra,34703,Nie,0,Nie,brak
Anna,Limanowa,26358,Nie,0,Tak,pies
Antek,Adamczycha,33245,Tak,4,Nie,brak
Magda,Warszawa,15724,Tak,1,Nie,brak
Jurek,Gdańsk,32863,Tak,4,Tak,słoń
Anna,Pcim,51052,Nie,0,Tak,pies
Jan,Gdańsk,19162,Tak,2,Tak,słoń
Antek,Warszawa,32694,Tak,4,Tak,słoń
Anna,Łódź,38687,Nie,0,Nie,brak
Klaudia,Warszawa,56588,Nie,0,Nie,brak
Ela,Warszawa,45873,Tak,4,Tak,słoń
Antek,Limanowa,36707,Nie,0,Nie,brak
Tomasz,Legnica,54023,Tak,4,Tak,słoń
Jan,Pcim,53471,Nie,0,Nie,brak
Beata,Adamczycha,9881,Nie,0,Tak,słoń
Jurek,Adamczycha,52053,Tak,2,Tak,pies
Ewa,Kobyla Góra,14849,Nie,0,Nie,brak
Jan,Adamczycha,39792,Tak,1,Nie,brak
Tomasz,Pcim,19388,Nie,0,Nie,brak
Agata,Kobyla Góra,42558,Tak,4,Nie,brak
Magda,Kobyla Góra,27102,Tak,4,Tak,kot
Sylwia,Łódź,49199,Tak,4,Tak,kot
Sylwia,Legnica,37150,Tak,2,Tak,pies
Ewa,Gdańsk,40237,Nie,0,Tak,małpa
Jan,Łódź,30495,Tak,2,Nie,brak
Ola,Legnica,26362,Nie,0,Tak,pies
Ewa,Legnica,17149,Nie,0,Nie,brak
Ola,Legnica,35924,Nie,0,Nie,brak
Joanna,Warszawa,40739,Nie,0,Tak,małpa
Jan,Łódź,28234,Tak,4,Tak,kot
Antek,Gdańsk,41600,Tak,1,Tak,słoń
Antek,Limanowa,29018,Nie,0,Nie,brak
Jurek,Legnica,50093,Nie,0,Nie,brak
Joanna,Gdańsk,56393,Nie,0,Nie,brak
Ela,Limanowa,53046,Tak,2,Nie,brak
Joanna,Pcim,50413,Nie,0,Tak,małpa
Joanna,Limanowa,47959,Tak,4,Nie,brak
Ewa,Pcim,51236,Tak,1,Nie,brak
Klaudia,Adamczycha,23125,Nie,0,Nie,brak
Magda,Limanowa,45781,Tak,3,Nie,brak
Anna,Pcim,37531,Nie,0,Nie,brak
Jurek,Legnica,18400,Nie,0,Tak,kot
Jurek,Warszawa,21955,Tak,3,Nie,brak
Jurek,Limanowa,24084,Nie,0,Nie,brak
Antek,Kobyla Góra,42374,Nie,0,Tak,kot
Anna,Pcim,25362,Nie,0,Tak,małpa
Joanna,Łódź,20536,Nie,0,Nie,brak
Magda,Pcim,25304,Tak,2,Tak,słoń
Ela,Limanowa,56339,Nie,0,Tak,pies
Ola,Pcim,24740,Tak,2,Tak,pies
Klaudia,Gdańsk,51996,Tak,1,Nie,brak
Antek,Łódź,19384,Tak,3,Tak,słoń
Jan,Limanowa,51035,Nie,0,Nie,brak
Jan,Warszawa,52002,Nie,0,Tak,pies
Jan,Gdańsk,37847,Tak,3,Nie,brak
Tomasz,Łódź,26577,Nie,0,Tak,małpa
Ewa,Kobyla Góra,37244,Nie,0,Nie,brak
Agata,Pcim,28659,Tak,3,Tak,słoń
Joanna,Pcim,42532,Tak,4,Tak,kot
Agata,Adamczycha,57927,Tak,2,Tak,kot
Beata,Łódź,53094,Nie,0,Nie,brak
Ewa,Pcim,23721,Tak,1,Nie,brak
Jan,Adamczycha,24660,Tak,2,Tak,kot
Klaudia,Adamczycha,13787,Nie,0,Nie,brak
Antek,Limanowa,43383,Nie,0,Nie,brak
Ewa,Pcim,50143,Nie,0,Nie,brak
Ola,Gdańsk,41398,Nie,0,Nie,brak
Klaudia,Kobyla Góra,30683,Tak,4,Nie,brak
Klaudia,Gdańsk,31656,Nie,0,Tak,pies
Tomasz,Gdańsk,28418,Nie,0,Nie,brak
Antek,Pcim,56463,Nie,0,Tak,małpa
Anna,Legnica,15399,Tak,3,Nie,brak
Jurek,Warszawa,24835,Nie,0,Nie,brak
Tomasz,Adamczycha,8556,Nie,0,Nie,brak
Klaudia,Pcim,24650,Tak,2,Tak,pies
Anna,Limanowa,52601,Nie,0,Nie,brak
Antek,Adamczycha,10979,Tak,1,Nie,brak
Ola,Kobyla Góra,28499,Nie,0,Nie,brak
Klaudia,Legnica,34791,Nie,0,Nie,brak
Jan,Warszawa,48789,Nie,0,Tak,kot
Agata,Pcim,22606,Nie,0,Tak,małpa
Joanna,Kobyla Góra,54777,Nie,0,Nie,brak
Ewa,Łódź,37196,Tak,2,Nie,brak
Ewa,Legnica,19823,Tak,4,Tak,słoń
Jan,Gdańsk,19042,Tak,3,Tak,kot
Klaudia,Legnica,41096,Nie,0,Tak,słoń
Joanna,Kobyla Góra,23568,Nie,0,Nie,brak
Anna,Pcim,42632,Nie,0,Nie,brak
Agata,Legnica,51424,Nie,0,Nie,brak
Joanna,Pcim,23600,Tak,4,Tak,pies
Anna,Limanowa,14796,Nie,0,Tak,pies
Joanna,Pcim,12958,Nie,0,Nie,brak
Beata,Kobyla Góra,46149,Nie,0,Tak,kot
Ola,Warszawa,54355,Tak,2,Nie,brak
Ola,Limanowa,44258,Nie,0,Nie,brak
Ewa,Warszawa,21481,Tak,3,Tak,pies
Beata,Legnica,21689,Nie,0,Nie,brak
Joanna,Gdańsk,9126,Tak,3,Tak,pies
Magda,Łódź,49698,Nie,0,Nie,brak
Magda,Kobyla Góra,40602,Tak,2,Tak,małpa
Ola,Warszawa,20589,Tak,2,Nie,brak
Tomasz,Łódź,47608,Nie,0,Nie,brak
Jurek,Adamczycha,21059,Nie,0,Nie,brak
Magda,Pcim,9240,Nie,0,Tak,pies
Ewa,Warszawa,12366,Tak,3,Tak,słoń
Agata,Limanowa,32886,Tak,1,Tak,kot
Jan,Kobyla Góra,27446,Tak,3,Nie,brak
Beata,Pcim,52812,Tak,1,Nie,brak
Jan,Łódź,36759,Nie,0,Tak,pies
Anna,Kobyla Góra,12389,Tak,3,Nie,brak
Sylwia,Warszawa,50442,Nie,0,Nie,brak
Magda,Gdańsk,56312,Nie,0,Tak,słoń
Tomasz,Limanowa,14809,Nie,0,Nie,brak
Anna,Adamczycha,6139,Tak,2,Nie,brak
Magda,Kobyla Góra,41867,Tak,2,Tak,kot
Ela,Gdańsk,16150,Tak,1,Tak,pies
Anna,Warszawa,32467,Nie,0,Tak,małpa
Anna,Limanowa,48587,Nie,0,Tak,pies
Sylwia,Pcim,36975,Tak,1,Tak,pies
Ewa,Łódź,37090,Nie,0,Nie,brak
Tomasz,Warszawa,48433,Nie,0,Tak,słoń
Klaudia,Legnica,18871,Nie,0,Tak,kot
Tomasz,Adamczycha,55339,Tak,3,Nie,brak
Agata,Adamczycha,24624,Tak,3,Tak,małpa
Anna,Pcim,26848,Tak,1,Nie,brak
Tomasz,Limanowa,24504,Tak,1,Nie,brak
Antek,Warszawa,48129,Tak,2,Nie,brak
Klaudia,Warszawa,9677,Tak,3,Nie,brak
Agata,Gdańsk,56179,Nie,0,Tak,pies
Antek,Legnica,11662,Nie,0,Tak,małpa
Sylwia,Łódź,48549,Nie,0,Tak,pies
Antek,Limanowa,43426,Tak,1,Tak,małpa
Jurek,Kobyla Góra,21018,Tak,1,Tak,pies
Klaudia,Łódź,40871,Nie,0,Tak,małpa
Jan,Legnica,54210,Nie,0,Nie,brak
Joanna,Łódź,53190,Nie,0,Tak,pies
Antek,Warszawa,8244,Tak,1,Nie,brak
Sylwia,Limanowa,17273,Nie,0,Nie,brak
Jan,Łódź,33186,Nie,0,Tak,pies
Sylwia,Pcim,17320,Tak,1,Tak,kot
Sylwia,Adamczycha,8181,Nie,0,Nie,brak
Anna,Kobyla Góra,31817,Nie,0,Nie,brak
Sylwia,Gdańsk,57439,Tak,3,Nie,brak
Antek,Limanowa,38265,Tak,1,Nie,brak
Joanna,Limanowa,18010,Nie,0,Nie,brak
Jurek,Gdańsk,54886,Nie,0,Nie,brak
Sylwia,Kobyla Góra,24770,Nie,0,Nie,brak
Sylwia,Warszawa,8255,Tak,1,Tak,pies
Tomasz,Kobyla Góra,6407,Tak,1,Nie,brak
Ela,Kobyla Góra,25355,Nie,0,Nie,brak
Beata,Adamczycha,43021,Tak,4,Nie,brak
Jan,Łódź,45303,Tak,2,Nie,brak
Jurek,Pcim,12832,Nie,0,Tak,małpa
Magda,Gdańsk,27757,Nie,0,Tak,pies
Ela,Warszawa,24449,Nie,0,Nie,brak
Jan,Limanowa,35576,Tak,2,Nie,brak
Beata,Warszawa,47829,Tak,4,Tak,małpa
Joanna,Gdańsk,41405,Nie,0,Nie,brak
Agata,Adamczycha,40161,Tak,1,Tak,kot
Jurek,Adamczycha,38169,Nie,0,Nie,brak
Jurek,Kobyla Góra,14594,Tak,1,Nie,brak
Beata,Gdańsk,38844,Nie,0,Tak,słoń
Ewa,Legnica,36472,Nie,0,Tak,kot
Ela,Gdańsk,23680,Nie,0,Nie,brak
Ola,Warszawa,18436,Tak,1,Nie,brak
Antek,Gdańsk,13182,Nie,0,Nie,brak
Anna,Gdańsk,27471,Tak,4,Nie,brak
Ewa,Gdańsk,16449,Nie,0,Tak,małpa
Sylwia,Kobyla Góra,53714,Tak,1,Nie,brak
Sylwia,Legnica,35875,Nie,0,Tak,pies
Antek,Adamczycha,48286,Tak,3,Tak,małpa
Antek,Pcim,22660,Nie,0,Nie,brak
Tomasz,Legnica,52894,Tak,2,Nie,brak
Jan,Legnica,18002,Nie,0,Nie,brak
Tomasz,Pcim,6723,Nie,0,Nie,brak
Beata,Legnica,54074,Tak,1,Tak,pies
Agata,Warszawa,27892,Nie,0,Nie,brak
Ela,Adamczycha,57623,Nie,0,Nie,brak
Antek,Legnica,25134,Tak,1,Tak,małpa
Jan,Adamczycha,43010,Tak,4,Tak,słoń
Ela,Kobyla Góra,49997,Tak,2,Tak,małpa
Beata,Gdańsk,55429,Tak,4,Tak,słoń
Agata,Kobyla Góra,18459,Tak,4,Tak,pies
Ewa,Adamczycha,17301,Nie,0,Nie,brak
Klaudia,Legnica,45839,Tak,4,Tak,pies
Tomasz,Pcim,47659,Nie,0,Nie,brak
Magda,Adamczycha,32374,Tak,2,Tak,pies
Beata,Legnica,33829,Nie,0,Nie,brak
Sylwia,Łódź,39569,Nie,0,Nie,brak
Ola,Warszawa,27291,Tak,3,Nie,brak
Jurek,Warszawa,11484,Nie,0,Nie,brak
Tomasz,Limanowa,32069,Nie,0,Tak,kot
Anna,Limanowa,49660,Nie,0,Nie,brak
Jurek,Kobyla Góra,12051,Nie,0,Tak,kot
Klaudia,Warszawa,17909,Tak,3,Nie,brak
Tomasz,Limanowa,15015,Tak,2,Nie,brak
Beata,Gdańsk,37090,Tak,3,Nie,brak
Jurek,Adamczycha,27007,Nie,0,Nie,brak
Antek,Pcim,22056,Nie,0,Tak,pies
Agata,Limanowa,6247,Tak,4,Tak,pies
Beata,Adamczycha,22890,Tak,2,Nie,brak
Antek,Adamczycha,30937,Tak,3,Nie,brak
Antek,Limanowa,21235,Tak,1,Nie,brak
Magda,Łódź,35077,Tak,1,Nie,brak
Tomasz,Łódź,55198,Nie,0,Tak,kot
Agata,Warszawa,23297,Nie,0,Tak,słoń
Beata,Limanowa,27402,Tak,4,Nie,brak
Beata,Limanowa,25588,Nie,0,Nie,brak
Sylwia,Warszawa,43972,Tak,1,Nie,brak
Jan,Warszawa,53174,Tak,4,Tak,słoń
Magda,Kobyla Góra,43344,Tak,2,Nie,brak
Ela,Legnica,6549,Nie,0,Tak,pies
Jan,Warszawa,22941,Tak,2,Tak,małpa
Jurek,Legnica,48639,Tak,4,Nie,brak
Jurek,Pcim,29363,Nie,0,Tak,kot
Klaudia,Kobyla Góra,51201,Nie,0,Tak,słoń
Beata,Łódź,21286,Nie,0,Tak,pies
Tomasz,Pcim,9871,Tak,3,Tak,słoń
Ewa,Limanowa,49564,Nie,0,Nie,brak
Beata,Łódź,13547,Tak,3,Tak,kot
Klaudia,Warszawa,36300,Tak,2,Nie,brak
Anna,Warszawa,25906,Nie,0,Tak,słoń
Antek,Gdańsk,16267,Tak,2,Nie,brak
Jurek,Łódź,32369,Nie,0,Nie,brak
Joanna,Limanowa,50762,Nie,0,Tak,małpa
Klaudia,Gdańsk,38733,Tak,1,Nie,brak
Beata,Łódź,51908,Nie,0,Tak,kot
Anna,Kobyla Góra,56252,Tak,3,Nie,brak
Anna,Limanowa,26180,Tak,4,Nie,brak
Ela,Łódź,51038,Nie,0,Tak,słoń
Ola,Łódź,13494,Nie,0,Nie,brak
Agata,Warszawa,47658,Tak,3,Tak,słoń
Jurek,Kobyla Góra,25135,Tak,1,Tak,pies
Beata,Łódź,29887,Tak,2,Tak,małpa
Agata,Kobyla Góra,46080,Tak,2,Nie,brak
Magda,Pcim,20273,Tak,2,Tak,małpa
Ewa,Kobyla Góra,20160,Nie,0,Tak,pies
Tomasz,Legnica,14553,Tak,1,Tak,słoń
Magda,Limanowa,37138,Tak,2,Nie,brak
Joanna,Warszawa,15839,Nie,0,Nie,brak
Tomasz,Warszawa,35617,Nie,0,Nie,brak
Anna,Warszawa,54803,Nie,0,Nie,brak
Antek,Warszawa,45497,Tak,4,Tak,pies
Antek,Łódź,30285,Tak,1,Tak,słoń
Magda,Warszawa,33052,Tak,3,Nie,brak
Agata,Kobyla Góra,51802,Tak,3,Nie,brak
Tomasz,Legnica,41794,Nie,0,Nie,brak
Anna,Adamczycha,36656,Tak,4,Tak,kot
Klaudia,Kobyla Góra,55433,Tak,4,Nie,brak
Ela,Warszawa,41026,Tak,3,Nie,brak
Sylwia,Łódź,49322,Tak,2,Tak,pies
Tomasz,Kobyla Góra,20113,Tak,4,Tak,słoń
Agata,Łódź,55729,Tak,3,Tak,małpa
Joanna,Adamczycha,22017,Tak,2,Tak,kot
Agata,Pcim,50386,Nie,0,Tak,pies
Anna,Pcim,55262,Tak,1,Nie,brak
Beata,Kobyla Góra,44847,Tak,3,Tak,słoń
Ela,Warszawa,57401,Tak,2,Nie,brak
Ola,Gdańsk,11165,Nie,0,Nie,brak
Klaudia,Legnica,40239,Tak,2,Tak,słoń
Anna,Limanowa,35078,Tak,2,Nie,brak
Ela,Gdańsk,40414,Nie,0,Nie,brak
Jan,Warszawa,51922,Nie,0,Nie,brak
Jurek,Kobyla Góra,29509,Tak,3,Nie,brak
Jan,Kobyla Góra,10918,Nie,0,Tak,pies
Jurek,Warszawa,42773,Nie,0,Tak,kot
Antek,Pcim,13153,Nie,0,Nie,brak
Ela,Gdańsk,9847,Nie,0,Tak,słoń
Ola,Łódź,41690,Nie,0,Nie,brak
Tomasz,Adamczycha,38927,Nie,0,Nie,brak
Klaudia,Pcim,19048,Nie,0,Nie,brak
Joanna,Adamczycha,43332,Tak,2,Tak,słoń
Sylwia,Legnica,40970,Tak,2,Nie,brak
Magda,Pcim,15620,Tak,1,Tak,pies
Agata,Pcim,16583,Nie,0,Tak,pies
Jan,Kobyla Góra,27303,Nie,0,Nie,brak
Klaudia,Kobyla Góra,39901,Tak,3,Nie,brak
Agata,Adamczycha,34756,Tak,3,Tak,małpa
Ola,Legnica,13417,Tak,4,Nie,brak
Ola,Legnica,50383,Tak,2,Tak,kot
Agata,Łódź,19261,Nie,0,Tak,kot
Joanna,Warszawa,52783,Tak,4,Nie,brak
Anna,Legnica,44017,Tak,2,Nie,brak
Agata,Adamczycha,37835,Tak,1,Nie,brak
Magda,Warszawa,11759,Nie,0,Tak,pies
Ela,Gdańsk,39247,Tak,3,Nie,brak
Ola,Łódź,34995,Nie,0,Nie,brak
Joanna,Łódź,9446,Tak,1,Nie,brak
Ola,Limanowa,35516,Tak,3,Nie,brak
Jurek,Kobyla Góra,14447,Tak,4,Nie,brak
Klaudia,Legnica,39436,Nie,0,Tak,słoń
Magda,Kobyla Góra,33025,Nie,0,Tak,małpa
Ola,Pcim,35736,Nie,0,Nie,brak
Jan,Kobyla Góra,42756,Nie,0,Nie,brak
Beata,Warszawa,9583,Tak,2,Nie,brak
Agata,Adamczycha,42421,Tak,2,Tak,słoń
Ola,Legnica,36102,Tak,2,Tak,kot
Magda,Legnica,49890,Nie,0,Tak,kot
Antek,Adamczycha,25996,Nie,0,Nie,brak
Joanna,Warszawa,53200,Tak,4,Nie,brak
Klaudia,Pcim,7226,Nie,0,Tak,kot
Anna,Limanowa,31748,Nie,0,Tak,kot
Klaudia,Łódź,22476,Tak,2,Tak,kot
Ewa,Limanowa,5997,Tak,2,Tak,kot
Jan,Limanowa,54677,Nie,0,Tak,małpa
Jan,Łódź,20080,Tak,3,Tak,kot
Klaudia,Pcim,43700,Nie,0,Nie,brak
Ewa,Gdańsk,10586,Nie,0,Tak,kot
Ela,Warszawa,8768,Nie,0,Tak,kot
Beata,Kobyla Góra,33567,Nie,0,Tak,słoń
Klaudia,Łódź,28379,Nie,0,Tak,kot
Ola,Warszawa,51700,Nie,0,Nie,brak
Klaudia,Pcim,9978,Tak,1,Tak,kot
Jan,Limanowa,41265,Nie,0,Tak,pies
Jan,Pcim,9748,Tak,4,Tak,pies
Anna,Adamczycha,10323,Tak,4,Tak,pies
Jurek,Gdańsk,36737,Nie,0,Nie,brak
Jan,Łódź,7879,Nie,0,Tak,małpa
Joanna,Adamczycha,24614,Tak,4,Nie,brak
Ela,Adamczycha,32595,Nie,0,Tak,małpa
Beata,Gdańsk,17595,Tak,3,Nie,brak
Klaudia,Pcim,56195,Tak,1,Nie,brak
Antek,Gdańsk,14675,Nie,0,Nie,brak
Ola,Legnica,55989,Tak,1,Tak,pies
Beata,Pcim,47842,Tak,4,Tak,słoń
Ela,Pcim,53594,Nie,0,Nie,brak
Jurek,Kobyla Góra,48128,Tak,2,Nie,brak
Tomasz,Warszawa,33348,Nie,0,Nie,brak
Joanna,Adamczycha,30340,Nie,0,Nie,brak
Jurek,Limanowa,30866,Nie,0,Nie,brak
Klaudia,Łódź,35195,Tak,4,Nie,brak
Tomasz,Legnica,30539,Tak,3,Nie,brak
Ela,Legnica,30418,Nie,0,Nie,brak
Anna,Łódź,11059,Nie,0,Nie,brak
Antek,Gdańsk,50543,Tak,1,Tak,małpa
Beata,Kobyla Góra,49171,Tak,1,Tak,małpa
Agata,Warszawa,41143,Nie,0,Tak,kot
Sylwia,Łódź,14515,Nie,0,Tak,pies
Beata,Adamczycha,48630,Tak,4,Nie,brak
Anna,Łódź,28591,Tak,1,Nie,brak
Antek,Adamczycha,13574,Tak,3,Tak,pies
Sylwia,Limanowa,17496,Nie,0,Nie,brak
Joanna,Warszawa,41009,Nie,0,Tak,kot
Ela,Kobyla Góra,31559,Nie,0,Nie,brak
Magda,Łódź,40458,Tak,2,Nie,brak
Ola,Łódź,14145,Tak,1,Tak,kot
Ela,Łódź,53500,Tak,3,Tak,pies
Joanna,Pcim,20394,Tak,1,Nie,brak
Sylwia,Warszawa,6027,Nie,0,Nie,brak
Tomasz,Łódź,55356,Nie,0,Nie,brak
Antek,Adamczycha,7289,Tak,1,Tak,pies
Joanna,Kobyla Góra,25353,Nie,0,Nie,brak
Sylwia,Legnica,36143,Nie,0,Nie,brak
Jan,Limanowa,49938,Tak,2,Nie,brak
Beata,Kobyla Góra,52926,Nie,0,Tak,słoń
Anna,Warszawa,41480,Tak,4,Tak,pies
Magda,Łódź,33595,Nie,0,Nie,brak
Joanna,Warszawa,40660,Tak,3,Nie,brak
Anna,Gdańsk,30656,Nie,0,Nie,brak
Tomasz,Łódź,20851,Nie,0,Tak,słoń
Ola,Łódź,22020,Nie,0,Nie,brak
Tomasz,Warszawa,35987,Tak,4,Tak,słoń
Jurek,Łódź,28485,Tak,4,Tak,kot
Magda,Pcim,15966,Nie,0,Nie,brak
Magda,Kobyla Góra,23864,Nie,0,Tak,słoń
Magda,Gdańsk,18152,Tak,3,Tak,małpa
Jurek,Kobyla Góra,53315,Nie,0,Tak,kot
Jan,Legnica,55967,Nie,0,Nie,brak
Ela,Warszawa,13195,Nie,0,Tak,słoń
Joanna,Warszawa,7911,Tak,2,Nie,brak
Antek,Gdańsk,49066,Tak,2,Tak,słoń
Jurek,Kobyla Góra,33275,Tak,2,Tak,kot
Ela,Kobyla Góra,46099,Nie,0,Tak,pies
Sylwia,Legnica,56004,Tak,1,Nie,brak
Ela,Gdańsk,6825,Tak,1,Nie,brak
Jurek,Warszawa,21572,Nie,0,Nie,brak
Klaudia,Legnica,19305,Nie,0,Nie,brak
Antek,Pcim,10209,Nie,0,Tak,słoń
Magda,Gdańsk,12412,Nie,0,Tak,kot
Beata,Legnica,44724,Tak,4,Nie,brak
Tomasz,Legnica,8000,Tak,3,Nie,brak
Beata,Warszawa,35057,Tak,4,Tak,małpa
Jurek,Legnica,44976,Nie,0,Tak,pies
Joanna,Limanowa,49841,Tak,4,Tak,słoń
Ela,Limanowa,51890,Nie,0,Nie,brak
Joanna,Limanowa,8990,Tak,3,Tak,słoń
Magda,Kobyla Góra,21838,Nie,0,Nie,brak
Beata,Kobyla Góra,54332,Nie,0,Tak,małpa
Tomasz,Legnica,8699,Nie,0,Tak,małpa
Agata,Limanowa,32162,Nie,0,Nie,brak
Jan,Warszawa,34567,Nie,0,Nie,brak
Joanna,Limanowa,21157,Nie,0,Tak,kot
Jurek,Limanowa,41173,Tak,1,Nie,brak
Joanna,Pcim,20038,Tak,4,Nie,brak
Jurek,Pcim,55239,Tak,2,Tak,małpa
Magda,Adamczycha,56660,Tak,2,Nie,brak
Agata,Kobyla Góra,9499,Nie,0,Tak,słoń
Sylwia,Warszawa,14983,Nie,0,Nie,brak
Sylwia,Pcim,38823,Nie,0,Tak,małpa
Beata,Limanowa,24757,Tak,2,Tak,kot
Joanna,Limanowa,21146,Nie,0,Nie,brak
Tomasz,Adamczycha,53740,Tak,4,Nie,brak
Klaudia,Adamczycha,43555,Nie,0,Nie,brak
Anna,Kobyla Góra,26699,Nie,0,Nie,brak
Beata,Pcim,43645,Nie,0,Tak,małpa
Beata,Warszawa,44985,Tak,3,Tak,kot
Jan,Warszawa,56429,Nie,0,Nie,brak
Joanna,Łódź,49875,Nie,0,Nie,brak
Ola,Limanowa,26815,Nie,0,Tak,małpa
Sylwia,Adamczycha,21325,Nie,0,Nie,brak
Sylwia,Limanowa,25576,Tak,2,Nie,brak
Jurek,Gdańsk,15188,Nie,0,Nie,brak
Ela,Kobyla Góra,49067,Tak,1,Tak,słoń
Ewa,Limanowa,39960,Tak,3,Nie,brak
Ewa,Legnica,20286,Nie,0,Nie,brak
Ewa,Adamczycha,32903,Nie,0,Nie,brak
Jurek,Limanowa,25493,Nie,0,Nie,brak
Jan,Warszawa,23832,Nie,0,Nie,brak
Tomasz,Kobyla Góra,9794,Tak,2,Tak,kot
Ewa,Warszawa,42285,Tak,3,Tak,kot
Ola,Legnica,44575,Tak,4,Tak,pies
Ola,Adamczycha,53982,Tak,4,Tak,pies
Magda,Gdańsk,17277,Nie,0,Tak,pies
Agata,Limanowa,46825,Nie,0,Tak,pies
Jurek,Limanowa,50282,Nie,0,Nie,brak
Antek,Legnica,33797,Tak,2,Nie,brak
Beata,Kobyla Góra,42228,Nie,0,Tak,kot
Tomasz,Kobyla Góra,38281,Tak,1,Tak,słoń
Jurek,Pcim,8872,Nie,0,Nie,brak
Jurek,Łódź,28371,Nie,0,Nie,brak
Sylwia,Łódź,47960,Nie,0,Tak,kot
Ela,Kobyla Góra,49797,Nie,0,Nie,brak
Antek,Adamczycha,30779,Nie,0,Nie,brak
Klaudia,Kobyla Góra,57298,Nie,0,Tak,pies
Ola,Warszawa,40171,Nie,0,Nie,brak
Jan,Kobyla Góra,26688,Nie,0,Nie,brak
Jurek,Warszawa,51433,Nie,0,Tak,słoń
Beata,Łódź,33084,Tak,1,Tak,słoń
Jan,Pcim,32555,Nie,0,Nie,brak
Ola,Pcim,15579,Tak,4,Nie,brak
Jan,Legnica,25453,Nie,0,Tak,małpa
Agata,Kobyla Góra,30471,Nie,0,Tak,pies
Anna,Warszawa,17850,Nie,0,Tak,małpa
Anna,Legnica,55241,Nie,0,Nie,brak
Jan,Kobyla Góra,41053,Tak,2,Nie,brak
Ewa,Pcim,36832,Nie,0,Tak,słoń
Sylwia,Łódź,21592,Tak,4,Tak,słoń
Klaudia,Legnica,20568,Nie,0,Nie,brak
Ola,Warszawa,25509,Nie,0,Tak,pies
Antek,Pcim,52171,Tak,2,Nie,brak
Ewa,Łódź,15260,Tak,4,Nie,brak
Joanna,Kobyla Góra,36144,Nie,0,Nie,brak
Jurek,Legnica,9576,Tak,3,Tak,kot
Sylwia,Warszawa,42656,Tak,1,Tak,pies
Jan,Łódź,32845,Nie,0,Nie,brak
Magda,Kobyla Góra,33096,Tak,4,Tak,kot
Magda,Adamczycha,42322,Tak,2,Tak,małpa
Joanna,Kobyla Góra,40533,Tak,3,Nie,brak
Ewa,Pcim,14587,Nie,0,Nie,brak
Joanna,Legnica,31255,Nie,0,Nie,brak
Jan,Gdańsk,21715,Tak,3,Tak,kot
Agata,Kobyla Góra,22511,Tak,3,Nie,brak
Jurek,Limanowa,19125,Tak,4,Tak,kot
Magda,Gdańsk,27444,Nie,0,Nie,brak
Anna,Gdańsk,48182,Tak,1,Tak,małpa
Ola,Legnica,10981,Nie,0,Tak,pies
Klaudia,Legnica,35277,Tak,4,Tak,kot
Ola,Warszawa,30118,Nie,0,Nie,brak
Antek,Pcim,11859,Nie,0,Nie,brak
Ola,Warszawa,40903,Tak,1,Tak,słoń
Joanna,Adamczycha,53286,Nie,0,Nie,brak
Jan,Kobyla Góra,18283,Tak,3,Tak,kot
Agata,Legnica,9177,Tak,2,Nie,brak
Ola,Łódź,23393,Nie,0,Tak,kot
Magda,Legnica,30518,Nie,0,Tak,małpa
Tomasz,Legnica,49949,Tak,1,Tak,małpa
Ewa,Legnica,45447,Tak,3,Tak,kot
Anna,Legnica,45313,Tak,4,Tak,słoń
Tomasz,Limanowa,8391,Tak,1,Nie,brak
Jan,Adamczycha,10569,Tak,1,Tak,małpa
Klaudia,Łódź,18131,Tak,3,Nie,brak
Antek,Kobyla Góra,55718,Nie,0,Tak,pies
Ewa,Gdańsk,44307,Nie,0,Nie,brak
Agata,Limanowa,53268,Tak,3,Tak,małpa
Ola,Pcim,49804,Nie,0,Nie,brak
Ewa,Limanowa,42424,Nie,0,Tak,kot
Jurek,Gdańsk,20022,Nie,0,Nie,brak
Tomasz,Gdańsk,37217,Nie,0,Nie,brak
Tomasz,Pcim,19489,Tak,1,Tak,małpa
Sylwia,Limanowa,27621,Nie,0,Nie,brak
Ela,Gdańsk,25669,Nie,0,Nie,brak
Ola,Kobyla Góra,6804,Tak,4,Tak,pies
Ewa,Limanowa,19681,Nie,0,Tak,słoń
Sylwia,Limanowa,18253,Tak,4,Tak,małpa
Klaudia,Pcim,54393,Tak,3,Nie,brak
Magda,Łódź,13488,Nie,0,Nie,brak
Tomasz,Łódź,54747,Tak,1,Tak,pies
Joanna,Legnica,55235,Tak,2,Tak,kot
Klaudia,Gdańsk,37186,Tak,4,Tak,pies
Tomasz,Legnica,21698,Tak,4,Nie,brak
Ewa,Pcim,51388,Nie,0,Tak,słoń
Agata,Adamczycha,45410,Tak,1,Tak,kot
Magda,Limanowa,51922,Nie,0,Tak,małpa
Klaudia,Kobyla Góra,19202,Tak,3,Nie,brak
Ewa,Warszawa,31793,Nie,0,Tak,słoń
Ewa,Warszawa,21484,Tak,1,Nie,brak
Beata,Pcim,41981,Tak,2,Tak,pies
Ola,Warszawa,26877,Tak,4,Tak,kot
Jan,Legnica,56624,Tak,2,Nie,brak
Klaudia,Pcim,24350,Tak,3,Nie,brak
Jurek,Limanowa,30747,Nie,0,Tak,kot
Beata,Legnica,36356,Tak,4,Nie,brak
Ola,Łódź,40773,Tak,4,Nie,brak
Ola,Warszawa,48314,Nie,0,Nie,brak
Tomasz,Gdańsk,29344,Nie,0,Nie,brak
Ewa,Limanowa,26012,Nie,0,Nie,brak
Jurek,Kobyla Góra,22941,Tak,2,Nie,brak
Jan,Adamczycha,29369,Nie,0,Nie,brak
Beata,Łódź,39407,Nie,0,Nie,brak
Ewa,Adamczycha,38389,Nie,0,Tak,pies
Antek,Łódź,36340,Nie,0,Tak,kot
Magda,Kobyla Góra,12262,Nie,0,Tak,słoń
Beata,Gdańsk,53144,Tak,2,Nie,brak
Jan,Łódź,36568,Tak,3,Tak,pies
Beata,Warszawa,55714,Tak,4,Nie,brak
Ela,Kobyla Góra,26786,Tak,2,Nie,brak
Ela,Gdańsk,19112,Nie,0,Tak,kot
Tomasz,Adamczycha,30094,Nie,0,Nie,brak
Antek,Kobyla Góra,26307,Tak,4,Tak,pies
Agata,Warszawa,32927,Nie,0,Nie,brak
Agata,Kobyla Góra,8796,Tak,4,Tak,słoń
Jan,Legnica,42665,Tak,4,Tak,pies
Joanna,Legnica,20301,Nie,0,Nie,brak
Magda,Adamczycha,54378,Nie,0,Nie,brak
Agata,Pcim,15363,Tak,2,Tak,małpa
Magda,Limanowa,6862,Tak,3,Tak,słoń
Jan,Legnica,22890,Tak,3,Tak,kot
Antek,Limanowa,42061,Tak,4,Nie,brak
Joanna,Limanowa,44075,Tak,2,Nie,brak
Joanna,Adamczycha,43754,Nie,0,Nie,brak
Ela,Warszawa,52986,Tak,2,Nie,brak
Tomasz,Adamczycha,33166,Tak,4,Tak,małpa
Ewa,Pcim,25145,Nie,0,Tak,małpa
Joanna,Gdańsk,15788,Nie,0,Tak,kot
Anna,Legnica,18657,Nie,0,Tak,małpa
Jan,Łódź,27418,Nie,0,Tak,kot
Klaudia,Warszawa,20874,Tak,1,Nie,brak
Joanna,Pcim,30693,Nie,0,Nie,brak
Joanna,Gdańsk,43141,Tak,1,Nie,brak
Ola,Pcim,21904,Nie,0,Nie,brak
Sylwia,Warszawa,38522,Nie,0,Tak,słoń
Magda,Adamczycha,41886,Nie,0,Tak,słoń
Anna,Gdańsk,48700,Tak,3,Nie,brak
Klaudia,Łódź,50682,Tak,4,Tak,kot
Ola,Limanowa,27922,Tak,3,Tak,pies
Sylwia,Warszawa,22664,Tak,1,Tak,kot
Joanna,Warszawa,55827,Nie,0,Tak,słoń
Ewa,Limanowa,37822,Tak,3,Nie,brak
Anna,Adamczycha,53219,Nie,0,Tak,słoń
Ela,Gdańsk,47854,Tak,2,Tak,słoń
Beata,Legnica,54270,Nie,0,Tak,pies
Ola,Pcim,37951,Nie,0,Tak,słoń
Joanna,Łódź,36000,Tak,1,Nie,brak
Klaudia,Adamczycha,16825,Tak,3,Tak,małpa
Klaudia,Kobyla Góra,53822,Tak,1,Nie,brak
Joanna,Gdańsk,57899,Nie,0,Nie,brak
Tomasz,Łódź,28880,Tak,1,Nie,brak
Magda,Legnica,16892,Nie,0,Tak,małpa
Magda,Warszawa,14972,Tak,3,Nie,brak
Tomasz,Kobyla Góra,53006,Tak,2,Tak,małpa
Ola,Warszawa,41618,Tak,1,Tak,słoń
Sylwia,Adamczycha,37802,Nie,0,Nie,brak
Jan,Łódź,17861,Nie,0,Tak,pies
Ewa,Limanowa,41329,Nie,0,Nie,brak
Jan,Adamczycha,47861,Nie,0,Nie,brak
Beata,Łódź,9649,Tak,3,Tak,słoń
Joanna,Kobyla Góra,40137,Nie,0,Tak,słoń
Ewa,Pcim,8016,Tak,2,Nie,brak
Anna,Adamczycha,10671,Nie,0,Tak,pies
Joanna,Kobyla Góra,49592,Nie,0,Tak,małpa
Ela,Warszawa,8979,Tak,2,Nie,brak
Jurek,Kobyla Góra,55891,Nie,0,Nie,brak
Jurek,Gdańsk,6218,Nie,0,Tak,kot
Ola,Warszawa,32826,Tak,2,Tak,słoń
Joanna,Kobyla Góra,14810,Tak,4,Tak,kot
Magda,Legnica,47133,Nie,0,Tak,pies
Agata,Adamczycha,20967,Tak,3,Tak,pies
Klaudia,Kobyla Góra,10254,Nie,0,Nie,brak
Ewa,Kobyla Góra,52145,Nie,0,Nie,brak
Agata,Legnica,15697,Nie,0,Nie,brak
Sylwia,Limanowa,6399,Tak,2,Tak,kot
Tomasz,Limanowa,20134,Tak,1,Nie,brak
Anna,Legnica,38943,Tak,2,Tak,pies
Joanna,Legnica,35685,Nie,0,Tak,małpa
Sylwia,Warszawa,30258,Tak,4,Nie,brak
Sylwia,Limanowa,9761,Tak,4,Nie,brak
Jurek,Adamczycha,46290,Nie,0,Tak,kot
Anna,Pcim,47594,Tak,2,Tak,małpa
Antek,Gdańsk,49496,Tak,3,Nie,brak
Jurek,Adamczycha,46204,Tak,2,Tak,pies
Joanna,Gdańsk,37467,Tak,4,Nie,brak
Agata,Adamczycha,49006,Nie,0,Nie,brak
Klaudia,Kobyla Góra,37772,Tak,4,Nie,brak
Ewa,Pcim,6830,Tak,4,Nie,brak
Agata,Łódź,6233,Nie,0,Tak,pies
Anna,Limanowa,40679,Nie,0,Nie,brak
Beata,Pcim,41952,Tak,2,Nie,brak
Joanna,Adamczycha,32757,Tak,4,Tak,kot
Ela,Gdańsk,6576,Nie,0,Nie,brak
Jan,Pcim,6896,Nie,0,Nie,brak
Ewa,Kobyla Góra,40495,Nie,0,Nie,brak
Ela,Adamczycha,53129,Tak,4,Nie,brak
Ela,Kobyla Góra,23805,Tak,2,Nie,brak
Ola,Pcim,40910,Nie,0,Tak,pies
Joanna,Warszawa,24588,Tak,2,Nie,brak
Beata,Kobyla Góra,6923,Nie,0,Nie,brak
Ola,Łódź,38713,Nie,0,Tak,kot
Klaudia,Łódź,51534,Nie,0,Tak,małpa
Joanna,Limanowa,49973,Tak,3,Nie,brak
Beata,Łódź,34018,Tak,1,Tak,pies
Klaudia,Kobyla Góra,17548,Nie,0,Nie,brak
Antek,Legnica,12813,Tak,4,Tak,małpa
Ewa,Limanowa,12112,Nie,0,Tak,kot
Anna,Limanowa,40166,Nie,0,Tak,kot
Magda,Kobyla Góra,15558,Tak,2,Tak,małpa
Tomasz,Pcim,21592,Nie,0,Nie,brak
Anna,Warszawa,18378,Nie,0,Nie,brak
Ela,Łódź,46417,Tak,1,Tak,kot
Jan,Warszawa,40301,Tak,3,Tak,małpa
Jurek,Łódź,22342,Nie,0,Nie,brak
Antek,Legnica,29028,Tak,4,Tak,kot
Ola,Pcim,23319,Nie,0,Nie,brak
Jurek,Kobyla Góra,57896,Nie,0,Nie,brak
Anna,Warszawa,31811,Tak,1,Tak,słoń
Ola,Warszawa,10978,Tak,1,Tak,kot
Anna,Kobyla Góra,30248,Tak,3,Tak,kot
Jan,Pcim,32409,Tak,3,Nie,brak
Jan,Pcim,35880,Tak,1,Tak,małpa
Klaudia,Limanowa,42827,Tak,2,Nie,brak
Anna,Łódź,21738,Tak,4,Nie,brak
Sylwia,Legnica,51494,Tak,1,Nie,brak
Agata,Limanowa,20601,Nie,0,Nie,brak
Jan,Kobyla Góra,25459,Nie,0,Tak,małpa
Agata,Limanowa,50629,Tak,3,Nie,brak
Ewa,Adamczycha,11083,Tak,1,Nie,brak
Jurek,Kobyla Góra,48643,Nie,0,Nie,brak
Antek,Łódź,48391,Tak,2,Tak,pies
Sylwia,Pcim,55580,Tak,4,Nie,brak
Jan,Adamczycha,7876,Nie,0,Nie,brak
Ewa,Warszawa,11927,Nie,0,Nie,brak
Magda,Łódź,32360,Tak,4,Nie,brak
Beata,Kobyla Góra,30655,Nie,0,Tak,kot
Ola,Legnica,30518,Nie,0,Tak,pies
Ela,Adamczycha,42021,Tak,1,Nie,brak
Agata,Legnica,36995,Tak,2,Nie,brak
Sylwia,Limanowa,9477,Nie,0,Tak,słoń
Sylwia,Adamczycha,47529,Nie,0,Tak,pies
Magda,Legnica,6419,Tak,3,Nie,brak
Magda,Warszawa,51861,Tak,3,Nie,brak
Antek,Gdańsk,17031,Nie,0,Tak,pies
Ola,Kobyla Góra,11218,Nie,0,Nie,brak
Klaudia,Kobyla Góra,38558,Nie,0,Tak,kot
Agata,Łódź,34236,Tak,3,Nie,brak
Beata,Adamczycha,48064,Nie,0,Nie,brak
Antek,Legnica,57204,Tak,2,Nie,brak
Sylwia,Limanowa,27510,Tak,4,Nie,brak
Anna,Kobyla Góra,42883,Nie,0,Nie,brak
Beata,Kobyla Góra,12049,Tak,3,Nie,brak
Sylwia,Limanowa,40413,Tak,2,Nie,brak
Jurek,Warszawa,8588,Nie,0,Tak,kot
Joanna,Legnica,20857,Nie,0,Tak,słoń
Joanna,Kobyla Góra,19655,Nie,0,Tak,małpa
Magda,Łódź,51169,Tak,1,Nie,brak
Jan,Kobyla Góra,42944,Nie,0,Tak,słoń
Antek,Pcim,36962,Nie,0,Tak,małpa
Sylwia,Gdańsk,23566,Tak,3,Nie,brak
Magda,Warszawa,8851,Nie,0,Tak,słoń
Klaudia,Adamczycha,10672,Tak,1,Nie,brak
Jurek,Legnica,50654,Tak,2,Tak,małpa
Jan,Limanowa,24174,Tak,4,Tak,kot
Antek,Łódź,41388,Nie,0,Nie,brak
Magda,Warszawa,42730,Nie,0,Nie,brak
Ola,Pcim,48929,Tak,1,Tak,kot
Beata,Pcim,7956,Tak,4,Nie,brak
Klaudia,Limanowa,17554,Tak,1,Nie,brak
Jurek,Gdańsk,26410,Tak,1,Nie,brak
Sylwia,Pcim,6826,Nie,0,Tak,pies
Ola,Limanowa,19376,Nie,0,Tak,słoń
Antek,Gdańsk,44271,Tak,3,Tak,kot
Ola,Warszawa,15249,Nie,0,Nie,brak
Sylwia,Legnica,55099,Nie,0,Nie,brak
Ola,Warszawa,52508,Tak,3,Tak,kot
Anna,Limanowa,31902,Nie,0,Tak,pies
Ela,Legnica,10842,Tak,2,Nie,brak
Tomasz,Limanowa,25413,Nie,0,Nie,brak
Joanna,Warszawa,16446,Tak,3,Tak,kot
Jurek,Kobyla Góra,42759,Tak,3,Nie,brak
Ela,Kobyla Góra,21559,Nie,0,Tak,kot
Antek,Warszawa,42938,Tak,4,Tak,pies
Tomasz,Pcim,31303,Nie,0,Tak,pies
Jurek,Pcim,50170,Nie,0,Nie,brak
Ela,Legnica,41226,Tak,4,Nie,brak
Anna,Legnica,27540,Nie,0,Nie,brak
Klaudia,Kobyla Góra,30955,Tak,1,Nie,brak
Joanna,Gdańsk,55319,Tak,1,Nie,brak
Klaudia,Warszawa,54279,Tak,4,Nie,brak
Ewa,Gdańsk,14971,Nie,0,Nie,brak
Antek,Legnica,57606,Tak,2,Tak,słoń
Joanna,Gdańsk,50974,Nie,0,Nie,brak
Ela,Limanowa,53258,Tak,3,Nie,brak
Jurek,Adamczycha,10939,Nie,0,Nie,brak
Klaudia,Kobyla Góra,38619,Tak,1,Nie,brak
Ewa,Kobyla Góra,54654,Tak,3,Nie,brak
Magda,Limanowa,28466,Nie,0,Tak,słoń
Agata,Legnica,9319,Nie,0,Tak,pies
Joanna,Warszawa,12201,Nie,0,Tak,słoń
Agata,Warszawa,34445,Tak,3,Nie,brak
Magda,Pcim,21013,Nie,0,Nie,brak
Tomasz,Łódź,10781,Tak,2,Tak,małpa
Jurek,Limanowa,28121,Nie,0,Tak,słoń
Beata,Łódź,45460,Tak,4,Nie,brak
